﻿"CRUDKit CSV Export"
Seite;Kontakte
"Page ID";contact
Datum;05.12.2020
Uhrzeit;00:47:58

Id;Name;Geschlecht;"Anime/Manga Section";"Hat Anime (Lookup)";"Hat Manga (Lookup)";"Fehlende Anime (Lookup)";"Fehlende Manga (Lookup)";Straße;PLZ;Stadt/Ort;Region;Land;"Tel. Nr.";E-mail;Geburtstag;Notizen;Bild;Aktiv;"Erstellt am"
4;"Alexander Döpper";Männlich;0;3;0;2;0;"Udinestraße 15";9500;Villach;Kärnten;AT;"+43 650 0000000";a@d.de;29.11.2020;;"0 B";Ja;14.11.2020
5;"Simone Dueller";Männlich;0;1;0;1;0;"Markus Pernhard Straße 11";9500;Villach;Kärnten;AT;;sim@one.at;;;"147.1 KB";Ja;
6;"Melissa Egger";Weiblich;0;0;3;0;2;"Eggerteich 100";9020;"Klagenfurt am Wörthersee";Kärnten;AT;;;;;"0 B";Ja;
